Frame,Donor ID,Hydrogen ID,Acceptor ID,Distance (Ã…),Angle (Degrees)
12.0,22204.0,22205.0,17.0,2.9840075734446097,167.34763408223768
20.0,25093.0,25095.0,17.0,3.228530374017002,169.5258416271136
33.0,10822.0,10824.0,17.0,2.9882608968468767,162.61996115669064
53.0,37894.0,37896.0,17.0,3.1703150477873034,154.815806124818
65.0,49171.0,49173.0,17.0,2.831995822100632,169.3661772254477
68.0,9811.0,9812.0,17.0,2.984509830410345,166.1876516490038
72.0,9811.0,9812.0,17.0,3.00134763516875,165.13013957501977
77.0,9811.0,9812.0,17.0,3.13753023900256,170.11880839007364
80.0,48775.0,48777.0,17.0,2.809429566831906,160.91257053194062
84.0,8119.0,8121.0,17.0,3.076799717246131,161.85280459427645
88.0,38404.0,38405.0,17.0,3.18549950364637,153.39467110375907
94.0,18391.0,18393.0,17.0,2.948763134065815,154.4790330780078
97.0,59836.0,59837.0,17.0,2.862114461093035,167.72320300835878
102.0,59836.0,59837.0,17.0,2.968805315451089,166.81674153353435
105.0,16312.0,16314.0,17.0,3.033957096857551,164.86210128632655
107.0,16312.0,16313.0,17.0,2.9777985367259583,153.1637404704091
128.0,24340.0,24342.0,17.0,3.16083608497052,160.14204755422514
167.0,10624.0,10626.0,17.0,2.765519041033169,163.31119650359656
172.0,27301.0,27303.0,17.0,3.120896591528358,170.74256651316523
202.0,7264.0,7265.0,17.0,2.8796203569968726,155.52981163157068
204.0,7264.0,7266.0,17.0,3.2277215747098302,151.43139171649787
208.0,7462.0,7464.0,17.0,2.993225159306794,162.86985802101168
212.0,19372.0,19374.0,17.0,3.1988418225660817,153.8043775136782
224.0,59848.0,59850.0,17.0,2.914448567760867,150.78273110496448
225.0,59848.0,59850.0,17.0,3.3018926941461095,157.53088005093338
240.0,8650.0,8651.0,17.0,3.1200474671504286,167.60307666092882
244.0,62956.0,62958.0,17.0,2.9278315521371137,160.80105136086374
251.0,47599.0,47600.0,17.0,3.289892562175036,158.76910214032455
254.0,53074.0,53075.0,17.0,3.1744765556812955,156.85095988661382
259.0,36172.0,36173.0,17.0,3.104656414515173,161.51533002723585
270.0,38689.0,38690.0,17.0,3.087945513506694,169.00695189540917
277.0,58516.0,58518.0,17.0,3.0469660091188873,166.4239096938169
280.0,50692.0,50694.0,17.0,3.4679223966265855,164.7896144201421
281.0,56896.0,56897.0,17.0,3.300515739257774,174.33314012953878
284.0,56896.0,56898.0,17.0,3.102677769068704,164.68113454191894
306.0,44539.0,44540.0,17.0,3.2976338395269407,158.59241261010578
314.0,52408.0,52410.0,17.0,3.1136647947810703,153.73454725829492
324.0,4741.0,4743.0,17.0,3.3170010916291726,160.95707603448955
328.0,48718.0,48719.0,17.0,3.105510994690773,159.8587405321844
333.0,8542.0,8543.0,17.0,2.9969302106286198,158.28431570705806
334.0,8542.0,8544.0,17.0,2.898911626389672,162.2670962320363
350.0,16732.0,16734.0,17.0,3.2230732346500215,159.36786799764104
362.0,1231.0,1233.0,17.0,3.1719549349830247,158.27578656770325
381.0,34312.0,34314.0,17.0,3.002097359886048,169.0825372856747
408.0,20071.0,20073.0,17.0,2.8043903387283207,175.41108675677683
416.0,63445.0,63446.0,17.0,3.134103923886263,157.9950816174235
423.0,54304.0,54306.0,17.0,3.3358204333065102,157.66517522378896
424.0,54304.0,54306.0,17.0,3.0484927585864874,158.25626309915887
425.0,54304.0,54306.0,17.0,3.08831943787328,157.99932033603682
440.0,62236.0,62238.0,17.0,3.3008052002576616,156.06283547681574
450.0,8407.0,8409.0,17.0,3.455154523514646,159.02388941708392
462.0,25507.0,25509.0,17.0,3.464190081550761,171.25060535857722
466.0,8542.0,8543.0,17.0,3.181839250511297,158.7834374436333
477.0,28744.0,28745.0,17.0,3.0963671962447976,155.38515701843104
483.0,40924.0,40925.0,17.0,2.9394893889835845,154.5494846401253
492.0,43675.0,43677.0,17.0,3.032260786713561,158.30215107335496
495.0,35059.0,35061.0,17.0,3.2422223097372624,164.4359196782688
501.0,55774.0,55776.0,17.0,2.8872825652860192,155.71289170916867
504.0,55774.0,55775.0,17.0,3.031831481126254,165.17669687579533
519.0,36184.0,36185.0,17.0,2.776201267554147,163.97485645125985
521.0,52246.0,52247.0,17.0,3.4357680325968394,166.88470290656343
536.0,28120.0,28121.0,17.0,3.171532105360123,168.21182740932815
548.0,10354.0,10355.0,17.0,3.332280683920152,161.26364400530446
552.0,14677.0,14678.0,17.0,3.0748019304495267,153.71122665925301
553.0,23938.0,23939.0,17.0,2.869044195836701,155.2193623139377
560.0,32956.0,32957.0,17.0,2.908934034154551,168.31170996956985
563.0,21610.0,21612.0,17.0,3.399544482641496,160.4249913105802
584.0,52246.0,52248.0,17.0,2.979632178551751,169.9237935658834
596.0,64219.0,64220.0,17.0,3.0425803426952656,170.5494617358285
598.0,30043.0,30044.0,17.0,3.1655175236529294,155.42358345897915
606.0,29800.0,29801.0,17.0,3.026366830491964,152.73315445379117
608.0,50200.0,50202.0,17.0,3.087960476948354,165.67065546157153
612.0,29800.0,29801.0,17.0,3.300679331845904,154.9136972296568
631.0,8365.0,8366.0,17.0,3.1305426957885736,167.12919922921347
658.0,6967.0,6969.0,17.0,3.4348358369962897,159.06168237821197
684.0,5653.0,5654.0,17.0,2.767907521710949,162.76520931853014
688.0,12607.0,12609.0,17.0,2.8520354096126552,163.18325586213507
696.0,23911.0,23912.0,17.0,3.352491444966162,155.83753348199616
703.0,62722.0,62723.0,17.0,3.230261802237978,153.63294218557348
717.0,34156.0,34157.0,17.0,3.074116766445051,153.99638274895355
718.0,34156.0,34157.0,17.0,2.996715988223469,178.5416744842964
722.0,12403.0,12405.0,17.0,2.9907522309666574,162.6797450231156
724.0,63292.0,63293.0,17.0,3.407949585737872,168.44267257900432
725.0,18004.0,18005.0,17.0,3.278002952047875,162.83656877007468
730.0,58696.0,58698.0,17.0,3.301544072127172,167.42001155056923
731.0,58696.0,58698.0,17.0,3.1187983255627842,158.46684352631712
746.0,7633.0,7635.0,17.0,2.864156963707221,158.1450306219057
749.0,23641.0,23642.0,17.0,3.1009844855292545,162.66172912252014
764.0,56497.0,56498.0,17.0,3.2980771844838617,164.5110241296168
765.0,56497.0,56499.0,17.0,2.7078772115960326,169.07963308740966
766.0,56497.0,56499.0,17.0,3.4608655423348553,169.88359577911496
770.0,45979.0,45980.0,17.0,3.182608499862886,170.53832630934858
771.0,45979.0,45981.0,17.0,3.0873262078769703,174.95586841762267
776.0,59398.0,59400.0,17.0,2.849983264072976,166.5814181558863
777.0,59398.0,59400.0,17.0,3.36567816198675,163.7972806865239
800.0,6181.0,6182.0,17.0,3.0920706455723916,171.65642438261887
815.0,48883.0,48884.0,17.0,3.022235041323842,151.79827230259986
820.0,6217.0,6219.0,17.0,3.255059579032103,155.9367387725639
822.0,6217.0,6219.0,17.0,3.209750753244691,157.56861534414747
889.0,64219.0,64220.0,17.0,2.9861195163848313,151.86518466293745
891.0,21556.0,21558.0,17.0,3.106975074630401,161.41096165147104
914.0,64618.0,64620.0,17.0,3.042532829852121,151.1895205539661
916.0,5449.0,5451.0,17.0,3.1431679594604636,161.7692538425605
918.0,25057.0,25059.0,17.0,3.2878743494885807,157.867256664113
925.0,27526.0,27527.0,17.0,2.9206832509199407,157.26101725862702
936.0,34708.0,34710.0,17.0,3.0788455137516575,160.85414052303813
937.0,34708.0,34709.0,17.0,2.980017248436942,160.90722762930667
942.0,34708.0,34710.0,17.0,2.9734336120700506,150.26283664126504
957.0,6106.0,6108.0,17.0,3.0227635384175935,175.0145074919212
970.0,6106.0,6107.0,17.0,2.8822731399683628,155.68392290520248
973.0,26407.0,26409.0,17.0,2.986702246427143,169.13298195936864
983.0,11998.0,11999.0,17.0,3.078926301657815,151.23331251126044
998.0,4114.0,4116.0,17.0,3.0573854076975984,160.08289896092538
1005.0,19987.0,19988.0,17.0,3.1009669755821316,155.06476913767798
1006.0,58054.0,58055.0,17.0,3.164460104088056,168.93811735652852
1012.0,58054.0,58055.0,17.0,3.496199645705622,172.77247650883703
1014.0,58054.0,58056.0,17.0,3.072117832732738,165.2146110819353
1033.0,20515.0,20517.0,17.0,2.952304618238308,169.60548182256605
1034.0,20515.0,20517.0,17.0,3.016441679716014,153.13276323606038
1058.0,46072.0,46073.0,17.0,2.9559584261016782,175.5031193046267
1069.0,13450.0,13451.0,17.0,3.389290487706377,158.03953777050157
1072.0,46477.0,46479.0,17.0,3.1278297734442493,151.68322306851107
1086.0,9772.0,9774.0,17.0,3.0727379715315233,163.21624103565904
1088.0,9772.0,9773.0,17.0,3.144281601409095,154.9086960985298
1100.0,63322.0,63324.0,17.0,3.1406034456806635,166.29128488649778
1105.0,36547.0,36548.0,17.0,3.439347246447234,170.86727610645409
1108.0,16663.0,16664.0,17.0,2.8506285571674246,173.37424475538614
1112.0,19945.0,19947.0,17.0,3.016882702706148,179.4787235267747
1122.0,4177.0,4179.0,17.0,3.431689513066288,168.09431816460375
1123.0,4177.0,4178.0,17.0,3.241542892746658,174.30677806577006
1130.0,39415.0,39416.0,17.0,3.0242051596787856,150.90423616497898
1131.0,39415.0,39417.0,17.0,3.300033233419943,161.78267632024122
1151.0,17671.0,17673.0,17.0,3.283491696475811,158.13048319131553
1165.0,33340.0,33341.0,17.0,3.1136634284072904,165.34012700102645
1175.0,33664.0,33666.0,17.0,3.467377594866413,167.33545928805052
1185.0,29461.0,29463.0,17.0,3.2459822119292587,150.73690836015157
1187.0,16006.0,16008.0,17.0,3.3685889099027633,156.4514572956293
1193.0,29638.0,29639.0,17.0,3.4836479428474454,155.09147476221153
1194.0,9304.0,9305.0,17.0,2.8236472610379644,169.90449063010695
1199.0,38698.0,38699.0,17.0,2.934636777142931,150.60686110067297
1202.0,38698.0,38700.0,17.0,2.885446663025005,170.26530181939168
1210.0,27925.0,27926.0,17.0,3.03343070947312,151.38171287570887
1211.0,63058.0,63059.0,17.0,2.9489482594134704,163.826695473589
1220.0,59239.0,59240.0,17.0,3.1235540037956793,152.97324167479238
1221.0,62623.0,62625.0,17.0,3.168103010136645,168.2427385713215
1225.0,62623.0,62625.0,17.0,3.2831840189977766,164.90025461352727
1230.0,16399.0,16400.0,17.0,3.198341822948067,162.3356093803984
1230.0,37996.0,37998.0,17.0,3.0574169129231024,155.70444949743373
1233.0,62623.0,62625.0,17.0,3.012822814439729,157.19096451786356
1263.0,54160.0,54161.0,17.0,3.2537040498850054,160.0364822970267
1282.0,54160.0,54161.0,17.0,3.1816192769785747,169.1967051532486
1292.0,24841.0,24843.0,17.0,2.9041208572862067,150.3140897202287
1297.0,54160.0,54162.0,17.0,3.1769790670556093,159.194162343867
1312.0,22072.0,22073.0,17.0,3.3058276116583776,155.72931734899788
1315.0,51499.0,51500.0,17.0,3.428541215750559,155.5273225762638
1333.0,52723.0,52725.0,17.0,3.4576444820513874,167.21409102921646
1338.0,51565.0,51567.0,17.0,2.952083269307929,161.66329511383574
1339.0,20830.0,20831.0,17.0,2.8502837777294223,172.05255849338593
1340.0,20830.0,20831.0,17.0,3.2196572156989514,153.51243891037228
1368.0,29200.0,29201.0,17.0,2.9251012824985,168.69875784948565
1374.0,52207.0,52209.0,17.0,3.122144902323944,163.5515335749925
1375.0,52207.0,52208.0,17.0,3.188279074308847,150.85652192131184
1378.0,52207.0,52208.0,17.0,3.4645189749028584,168.4353571063071
1397.0,33466.0,33467.0,17.0,2.9199469967630214,152.399753464481
1402.0,23773.0,23775.0,17.0,2.9187661270684226,173.21473760735557
1419.0,43492.0,43493.0,17.0,2.983558478885209,156.49808803455397
1432.0,58261.0,58263.0,17.0,3.205074554291504,151.24894068481686
1439.0,29752.0,29753.0,17.0,3.1738119979654127,159.88275771435772
1444.0,2794.0,2796.0,17.0,3.0973727682095804,154.5688296680878
1459.0,19390.0,19391.0,17.0,3.1119915674718825,171.2044082689309
1475.0,19990.0,19991.0,17.0,2.8164166006470914,160.28091189792522
1488.0,9421.0,9423.0,17.0,3.1503204569968775,161.78715638135202
1512.0,53767.0,53769.0,17.0,2.9517957612259043,158.4729417593139
1518.0,17074.0,17075.0,17.0,3.040544532377403,151.66808968596916
1524.0,17860.0,17861.0,17.0,3.001067711140348,151.7886459663738
1545.0,57355.0,57357.0,17.0,3.1303191978930665,167.82793769336112
1547.0,64594.0,64596.0,17.0,3.1319819432621956,165.2832820122848
1554.0,19990.0,19991.0,17.0,3.3767111853450866,170.14851747608282
1556.0,54931.0,54932.0,17.0,3.097705269508024,157.07886755994656
1557.0,54931.0,54933.0,17.0,2.9674584213026716,156.386865933443
1574.0,34429.0,34431.0,17.0,2.9501559427849213,163.83542773291725
1579.0,61375.0,61376.0,17.0,2.903345267838574,152.07946270620764
1594.0,24223.0,24225.0,17.0,2.993339142698541,173.14283715820756
1599.0,12052.0,12053.0,17.0,3.303107739713978,175.43812568411
1600.0,22096.0,22098.0,17.0,3.3691696924786743,171.55908832365745
1602.0,12052.0,12054.0,17.0,2.8598943507648036,164.09434835477748
1603.0,12052.0,12054.0,17.0,3.0565739057111196,157.7117324289444
1605.0,12052.0,12053.0,17.0,2.813077037596143,164.0034033956245
1610.0,22312.0,22313.0,17.0,3.3275380895492823,170.63351110417645
1612.0,22312.0,22314.0,17.0,3.4159948298009475,153.35400310602049
1617.0,18874.0,18876.0,17.0,2.929486949121447,150.52542944370612
1626.0,13720.0,13722.0,17.0,3.117581282196282,150.3230918128194
1671.0,4363.0,4364.0,17.0,3.1158463785804034,151.32980940614974
1692.0,22315.0,22317.0,17.0,3.0132058362905467,151.16702733390522
1693.0,22315.0,22317.0,17.0,2.8270966738114285,163.2147864873463
1701.0,50860.0,50862.0,17.0,3.2030013327589884,159.4306910654082
1719.0,52558.0,52559.0,17.0,3.012661262405483,177.04708663535195
1728.0,61831.0,61833.0,17.0,3.2537633216058737,150.02336743060016
1733.0,43582.0,43584.0,17.0,3.0104129361762575,158.4632098481555
1740.0,59128.0,59129.0,17.0,2.9084353925886077,159.92903192167668
1746.0,30466.0,30468.0,17.0,3.266008165807757,159.6460955921754
1747.0,30466.0,30468.0,17.0,2.9420743441769788,169.78253792534034
1757.0,56125.0,56127.0,17.0,3.239720888837539,159.71982810454887
1758.0,43762.0,43763.0,17.0,2.95366094763567,160.40253109056968
1763.0,45928.0,45929.0,17.0,2.785142488640368,153.72145398655397
1769.0,45928.0,45930.0,17.0,3.0292875144081317,167.50084596111142
1770.0,45928.0,45930.0,17.0,3.263909631460176,167.17495032353656
1775.0,37750.0,37751.0,17.0,3.3011968596539796,151.6959680252898
1776.0,37750.0,37751.0,17.0,2.8727201097085056,150.15239722633703
1780.0,25804.0,25805.0,17.0,2.955570864112937,172.6763344782317
1784.0,25804.0,25805.0,17.0,3.103901798847477,174.4917833727052
1785.0,30508.0,30509.0,17.0,3.4133121951224354,150.81612624693582
1787.0,16705.0,16706.0,17.0,2.771457530304276,166.8128862193434
1789.0,49408.0,49409.0,17.0,3.08522626726106,163.77928379286917
1800.0,57379.0,57380.0,17.0,3.205261425384095,162.39177229856153
1802.0,5593.0,5595.0,17.0,2.975987551301905,162.8752915521329
1804.0,13369.0,13370.0,17.0,2.970876738859472,165.35584600973374
1805.0,5593.0,5595.0,17.0,2.846489561031953,152.17258288043882
1809.0,2176.0,2178.0,17.0,3.16774564085963,160.01605734557901
1810.0,2176.0,2178.0,17.0,2.9235593719143678,161.40067894020748
1816.0,33199.0,33200.0,17.0,3.382690461459563,159.77245578061527
1817.0,33199.0,33200.0,17.0,3.2608175567339828,164.77427966767883
1818.0,33199.0,33201.0,17.0,2.8535056105883903,164.00316073462054
1819.0,33199.0,33201.0,17.0,2.8123468902910305,172.0820170652043
1822.0,33199.0,33201.0,17.0,2.871728871888822,161.24457516284187
1840.0,17278.0,17280.0,17.0,3.1376078307129274,162.3770755441127
1841.0,49129.0,49130.0,17.0,3.0677967211215065,155.27572301607273
1842.0,19303.0,19304.0,17.0,3.141815127610959,154.24680116496808
1847.0,52351.0,52353.0,17.0,2.9414272017503036,155.77096533708746
1850.0,42097.0,42098.0,17.0,3.1653429736171583,165.54061047259867
1851.0,3286.0,3288.0,17.0,2.912178446218229,173.04258875225707
1856.0,47800.0,47801.0,17.0,3.4456092264442906,155.30881493734853
1868.0,32728.0,32730.0,17.0,3.0250592509478302,151.2207512112954
1888.0,27319.0,27321.0,17.0,3.332596883596387,155.41603349944205
1889.0,35677.0,35678.0,17.0,3.005431346272307,165.69689986971363
1891.0,35677.0,35678.0,17.0,2.835594431370352,173.74763639464206
1898.0,41557.0,41559.0,17.0,3.0235838603726983,151.7688111765618
1907.0,55612.0,55613.0,17.0,2.945025012249102,154.11105835144485
1909.0,35626.0,35627.0,17.0,3.0673314028588354,159.5128056318865
1916.0,47419.0,47420.0,17.0,3.4686767376556786,168.59849765523992
1925.0,42358.0,42360.0,17.0,3.03056512104639,156.74799878368745
1927.0,41047.0,41049.0,17.0,3.154124231154794,159.16083886768118
1940.0,36358.0,36359.0,17.0,3.3716655678963883,167.2644617476345
1942.0,21454.0,21456.0,17.0,2.9806347862916645,150.68787428990015
1948.0,18571.0,18572.0,17.0,3.1160705758795535,174.0015532476
1956.0,56080.0,56081.0,17.0,2.9668006359663974,166.0185680346906
1959.0,49294.0,49296.0,17.0,3.1950831832743543,165.06152675348577
1961.0,40279.0,40281.0,17.0,3.246136868191451,157.03592024466778
1962.0,40279.0,40280.0,17.0,3.2942022698515467,164.621284939904
1968.0,27616.0,27618.0,17.0,3.23984614506273,150.3541189486897
1969.0,27616.0,27618.0,17.0,3.183536981109231,154.2090270832851
1978.0,53617.0,53619.0,17.0,3.1941518875591535,167.95694241022045
1993.0,12466.0,12468.0,17.0,2.919782607637369,156.38140960462346
1997.0,12466.0,12467.0,17.0,2.879683127149741,166.7112007095368
2003.0,19024.0,19025.0,17.0,2.797942689621865,153.32968402124374
2004.0,8758.0,8760.0,17.0,3.1104685366660223,160.40356483393387
2011.0,51631.0,51632.0,17.0,3.1474087681943987,151.60394274293603
2013.0,51631.0,51633.0,17.0,2.953336409877543,176.54479981799687
2014.0,34642.0,34644.0,17.0,3.105303500713036,164.10389997433484
2022.0,8782.0,8783.0,17.0,3.357377155365995,150.93757607307597
2023.0,42160.0,42162.0,17.0,3.155409104358811,156.29982134679054
2026.0,20215.0,20217.0,17.0,3.25062084459498,171.25948291522826
2031.0,10594.0,10596.0,17.0,3.3662001206397254,152.61377660744904
2033.0,10594.0,10595.0,17.0,3.1737683713940483,170.52949625016268
2034.0,10594.0,10595.0,17.0,2.923512422300832,166.86977204839113
2035.0,10594.0,10596.0,17.0,3.2639883176554356,152.03161951821977
2037.0,10594.0,10596.0,17.0,3.1383737959005105,171.04859420310035
2038.0,58204.0,58206.0,17.0,2.993405841995937,170.74964124465586
2040.0,63844.0,63846.0,17.0,3.304618518891854,152.23038373450228
2041.0,12007.0,12009.0,17.0,3.100156173327884,160.5371060903372
2042.0,12007.0,12009.0,17.0,2.9659548322783444,175.13021437183372
2044.0,24547.0,24548.0,17.0,3.0251787529150307,161.25420589401776
2050.0,2767.0,2768.0,17.0,2.990432386706838,167.92955809036482
2096.0,7804.0,7805.0,17.0,2.8854128756568738,153.29745669624864
2099.0,14680.0,14681.0,17.0,2.732965814176713,162.47810373545025
2100.0,14680.0,14681.0,17.0,2.8293637504202804,161.86169416879292
2103.0,8827.0,8828.0,17.0,3.0850909139504172,173.7287313310478
2116.0,21298.0,21299.0,17.0,2.917005823073536,160.99986977140358
2119.0,30826.0,30827.0,17.0,3.076245707623796,169.39544306045568
2120.0,30826.0,30827.0,17.0,2.9610453190434534,152.91106313435253
2142.0,59149.0,59150.0,17.0,3.0403128654671185,163.4208676887982
2145.0,59149.0,59151.0,17.0,3.1655164784240113,164.98484321568117
2154.0,14752.0,14753.0,17.0,3.0761376703576406,161.85334992328038
2157.0,14752.0,14754.0,17.0,2.975650333791205,165.75655560588814
2173.0,17956.0,17957.0,17.0,2.9038222094894124,154.4181328695121
2174.0,17956.0,17957.0,17.0,3.003678797674908,173.81529101919313
2180.0,60496.0,60497.0,17.0,3.1753082398924186,168.4111531260467
2184.0,32779.0,32780.0,17.0,3.3305424697913475,156.1711622554935
2189.0,49078.0,49079.0,17.0,3.2816561748739885,176.05492494702085
2191.0,32779.0,32780.0,17.0,2.901072157068744,154.83665310152892
2195.0,28216.0,28218.0,17.0,3.0492076683362033,152.7000949232814
2199.0,4678.0,4679.0,17.0,3.2560822769305005,153.78714966634215
2202.0,45217.0,45219.0,17.0,3.3100145753655337,155.286590876073
2214.0,63847.0,63849.0,17.0,3.2238815290279845,156.28273175506595
2226.0,29113.0,29115.0,17.0,2.974909231068723,165.2641569107628
2237.0,38068.0,38069.0,17.0,3.4990550094308275,164.49521414577154
2261.0,64045.0,64047.0,17.0,3.167616191807808,159.53270755917418
2264.0,2938.0,2940.0,17.0,3.0110117166196937,164.529160300938
2278.0,15718.0,15720.0,17.0,3.496411313658559,172.90465148380986
2279.0,6436.0,6438.0,17.0,2.96436796040757,152.72369334850276
2283.0,57598.0,57600.0,17.0,3.286500402196762,153.61293389283236
2286.0,11734.0,11735.0,17.0,3.4415463056765083,170.77242047467618
2297.0,15718.0,15719.0,17.0,3.3994417610601793,152.90853144817507
2304.0,35374.0,35376.0,17.0,3.1311548272879373,173.62614534186537
2309.0,28825.0,28826.0,17.0,3.1621969825075866,159.1782348912413
2310.0,28825.0,28827.0,17.0,3.2743387826557115,158.21393783657203
2313.0,34387.0,34388.0,17.0,2.9049333894095533,175.01530368610648
2316.0,33037.0,33039.0,17.0,3.109675592843958,155.4112284686761
2326.0,36406.0,36407.0,17.0,2.791437375786228,153.23079686201095
2328.0,31696.0,31697.0,17.0,3.2884201192918874,154.14293663415964
2329.0,31696.0,31697.0,17.0,3.16930403179618,161.64690845413242
2330.0,31696.0,31698.0,17.0,3.393538542156387,156.36745254399855
2337.0,41983.0,41985.0,17.0,3.0098049890288525,150.84918012563043
2339.0,41983.0,41985.0,17.0,3.170078747046341,157.5670759463856
2346.0,30991.0,30993.0,17.0,3.2546738813013745,156.48775008478094
2365.0,48430.0,48432.0,17.0,3.0707620308769132,157.9851039860159
2372.0,38761.0,38763.0,17.0,3.4931516973569683,167.03029138163626
2379.0,19627.0,19629.0,17.0,3.0022181778085355,166.55572942638548
2383.0,25156.0,25157.0,17.0,3.2649642856588046,157.9560516333202
2408.0,2182.0,2183.0,17.0,3.4239787093534537,151.98821541565096
2409.0,58288.0,58289.0,17.0,2.9704707276801288,166.707642235707
2421.0,1543.0,1545.0,17.0,3.0129179912314408,176.25786201930117
2422.0,1543.0,1545.0,17.0,2.9008089452493984,157.2510779093994
2428.0,2389.0,2390.0,17.0,2.863022954538036,158.837065922812
2438.0,37789.0,37790.0,17.0,2.9666596770876543,169.94460922041125
2453.0,21325.0,21326.0,17.0,3.33641846562891,154.07750469923556
2455.0,14788.0,14789.0,17.0,2.9702886893410563,152.76796160438727
2466.0,62182.0,62184.0,17.0,3.179650946381416,160.47723371388128
2485.0,20443.0,20444.0,17.0,2.764071898611263,157.52739420410066
2505.0,47002.0,47003.0,17.0,3.1309121844171157,161.47382115453672
2507.0,44848.0,44850.0,17.0,3.2773289444574445,150.61202323520732
2510.0,43021.0,43022.0,17.0,3.099736976459945,174.7926745982488
2516.0,54916.0,54917.0,17.0,2.8699352144879193,156.5230754246426
2526.0,58783.0,58784.0,17.0,3.4887532038741815,156.65559734008593
2529.0,11665.0,11666.0,17.0,3.41868619267635,169.5697690025976
2530.0,11665.0,11666.0,17.0,3.0980028424703274,169.34358917889503
2532.0,11665.0,11666.0,17.0,3.4493836735520387,159.78783683925732
2545.0,48697.0,48698.0,17.0,2.834159223716597,161.1066841661558
2546.0,48697.0,48698.0,17.0,3.343485173018699,152.4164927197688
2547.0,868.0,869.0,17.0,3.108017886631255,162.82998988251035
2551.0,36406.0,36407.0,17.0,3.0716915116884285,175.50830073137965
2553.0,26836.0,26838.0,17.0,3.231562374690651,168.21956797553966
2555.0,32038.0,32039.0,17.0,2.9067809780389413,163.75081748854137
2556.0,15436.0,15437.0,17.0,3.1535294831892138,155.71661261991713
2558.0,23203.0,23205.0,17.0,2.9863912238045245,153.27981526213043
2567.0,23071.0,23072.0,17.0,3.0351588543349335,158.32490680908606
2576.0,41422.0,41423.0,17.0,2.9531812800942787,161.46909039369194
2581.0,45031.0,45032.0,17.0,3.0803298462511766,174.0398890202947
2636.0,46552.0,46554.0,17.0,3.2149824565252354,168.9302710500546
2655.0,5035.0,5037.0,17.0,3.427381050482106,164.21587677188012
2664.0,11122.0,11124.0,17.0,2.863931091413673,171.32589926324965
2665.0,11122.0,11124.0,17.0,2.9472186051613454,166.42247088506045
2676.0,14539.0,14541.0,17.0,3.213490806321755,160.55197306596884
2678.0,14539.0,14541.0,17.0,3.2457047397274805,153.3880856178114
2684.0,4900.0,4901.0,17.0,3.0210121750990555,165.4614058761344
2702.0,21466.0,21467.0,17.0,3.0741661715708526,159.51641048427408
2706.0,8581.0,8583.0,17.0,3.3075628067672387,152.37129424718933
2708.0,25618.0,25619.0,17.0,3.241557110466648,150.64316803074652
2710.0,25618.0,25620.0,17.0,2.9096177052654513,150.4386386428127
2727.0,24799.0,24800.0,17.0,2.9065772028380974,173.72193308209415
2729.0,24799.0,24800.0,17.0,3.056450369308312,169.89529955242463
2734.0,40267.0,40269.0,17.0,2.806239341727335,174.39946140004434
2737.0,36400.0,36402.0,17.0,2.724646041409747,167.1336507204771
2740.0,36400.0,36401.0,17.0,3.2358144541833562,154.538156143482
2743.0,57808.0,57810.0,17.0,3.113278271121707,171.04029323392768
2760.0,56050.0,56052.0,17.0,3.0336926649321723,154.45946817681306
2761.0,56050.0,56052.0,17.0,3.005343333114431,153.05070859931982
2773.0,27367.0,27369.0,17.0,3.2682854908762917,163.57977410061093
2778.0,24634.0,24635.0,17.0,2.964205085093072,162.9734639751943
2783.0,40648.0,40649.0,17.0,2.988161718438007,165.3864906241537
2785.0,40648.0,40649.0,17.0,3.4933081052407253,153.76309596557184
2786.0,19603.0,19604.0,17.0,3.1440739819351764,153.77087233040578
2802.0,20668.0,20669.0,17.0,3.3899971866500223,161.80887049498284
2804.0,20668.0,20670.0,17.0,2.7415495555833815,158.67341106278562
2805.0,50908.0,50910.0,17.0,3.108084076626237,164.03593381325797
2806.0,20668.0,20669.0,17.0,3.2452541624014417,150.3553745184755
2812.0,32665.0,32666.0,17.0,3.422174671882055,152.4636069558479
2825.0,17356.0,17357.0,17.0,3.0645213721973805,156.4254352496845
2841.0,36895.0,36897.0,17.0,2.9255770800307346,160.33148409166378
2843.0,23275.0,23276.0,17.0,2.9012234859345614,151.69878641932527
2844.0,31921.0,31923.0,17.0,2.918115958991911,165.14608304904576
2849.0,46321.0,46322.0,17.0,2.8248063975206925,169.01212050144298
2851.0,41299.0,41301.0,17.0,3.0614756176423805,160.87168018327856
2856.0,53245.0,53247.0,17.0,2.9838592089233713,150.86539701314007
2857.0,53245.0,53247.0,17.0,3.103849401846006,163.93501860481
2858.0,53245.0,53247.0,17.0,3.261791339634465,161.35599548467536
2861.0,53245.0,53246.0,17.0,2.9307684734509865,160.2566260475714
2863.0,53245.0,53247.0,17.0,3.3253231801290952,164.92258425764015
2866.0,46777.0,46779.0,17.0,3.1842434621322715,171.98692908095427
2869.0,19696.0,19697.0,17.0,3.068779625990718,157.04513165616507
2871.0,19696.0,19697.0,17.0,3.1648064062092365,158.63761321302226
2875.0,58891.0,58892.0,17.0,2.8970726352632434,159.7736636645651
2882.0,20668.0,20670.0,17.0,2.8935961381669952,166.47645547986522
2893.0,19696.0,19698.0,17.0,3.1137902863501044,150.08962062696213
2908.0,34018.0,34020.0,17.0,3.0212935239943413,171.72328105812142
2919.0,26386.0,26388.0,17.0,3.1458653707885045,150.12922652391913
2922.0,34018.0,34020.0,17.0,3.1377224652261235,161.45769929489848
2931.0,1762.0,1764.0,17.0,3.000168012264184,171.3409515524343
2934.0,28996.0,28998.0,17.0,2.797663586343988,155.2907893684469
2942.0,44863.0,44864.0,17.0,2.807313035534026,155.0296459454874
2958.0,24697.0,24699.0,17.0,3.3237468498357434,151.1143619538338
2960.0,53758.0,53760.0,17.0,3.189638036201445,162.52394333641072
2963.0,17956.0,17958.0,17.0,2.9201921951320817,161.0067179833639
2980.0,58381.0,58383.0,17.0,3.3171522245651546,163.71961052629172
2987.0,6793.0,6795.0,17.0,2.8108739460654433,157.94504420369407
2994.0,35131.0,35132.0,17.0,2.6613761594362533,173.34057172607848
3002.0,31105.0,31106.0,17.0,3.1957180883928324,155.0294348448755
3014.0,3652.0,3654.0,17.0,2.710951953341341,150.43388147114288
3016.0,32920.0,32922.0,17.0,2.8299479394623805,157.96017818779532
3017.0,32920.0,32921.0,17.0,3.3651915989883525,172.01958277256816
3018.0,3652.0,3653.0,17.0,3.2953603350632314,170.6883786822162
3019.0,11257.0,11259.0,17.0,3.1157797614839406,165.49853733600156
3021.0,32920.0,32921.0,17.0,3.0969868268759386,170.35074968370205
3022.0,6160.0,6161.0,17.0,3.4469278082342525,173.1746357081575
3023.0,6160.0,6161.0,17.0,3.0088688628905076,151.23466617400817
3025.0,20527.0,20528.0,17.0,3.4593226126716994,159.92760544238533
3030.0,32920.0,32921.0,17.0,3.199122469947743,168.76403436150028
3042.0,48775.0,48776.0,17.0,3.008273766431468,165.80504527081854
3051.0,19234.0,19235.0,17.0,2.87655842435943,171.17010711836548
3057.0,47368.0,47369.0,17.0,3.005960237780296,170.62413613498208
3061.0,31786.0,31787.0,17.0,2.7587099344603283,150.8047388208276
3063.0,9748.0,9749.0,17.0,3.167298847681565,168.92175429410815
3066.0,6934.0,6936.0,17.0,3.104607834952615,168.15307343304275
3071.0,15943.0,15945.0,17.0,3.280687574045561,167.3857926516278
3072.0,15943.0,15945.0,17.0,2.9063760017873768,157.5554135023029
3093.0,23752.0,23753.0,17.0,2.9098807051858158,151.93389407422558
3097.0,38755.0,38757.0,17.0,3.335104454736169,152.632358832523
3108.0,45817.0,45818.0,17.0,3.3305362623956745,160.5431312771227
3115.0,23473.0,23474.0,17.0,3.271300186049911,159.96536174903946
3121.0,38755.0,38756.0,17.0,3.4365919074883644,163.196279161521
3122.0,38755.0,38756.0,17.0,3.043701012340028,158.7522366947791
3124.0,35014.0,35016.0,17.0,2.858605807160464,160.9660225026116
3130.0,39133.0,39134.0,17.0,2.89116079718116,162.40646861297816
3136.0,8434.0,8435.0,17.0,3.2522469296625944,166.17048783613498
3139.0,17995.0,17996.0,17.0,3.0019128372661243,163.19389399990075
3147.0,43213.0,43214.0,17.0,3.0706106963751787,158.394302347841
3148.0,22969.0,22970.0,17.0,2.9667036575979253,152.8948078801436
3151.0,47773.0,47775.0,17.0,2.8473488960416935,176.5940459213103
3158.0,60421.0,60423.0,17.0,2.934622852123263,166.8219664523561
3162.0,60421.0,60423.0,17.0,3.373695137659273,151.59931456157653
3167.0,22114.0,22116.0,17.0,2.875431144600939,167.24104411528086
3187.0,14275.0,14276.0,17.0,3.100890912262189,154.7303320861441
3193.0,53578.0,53580.0,17.0,2.9775990151133267,162.96859090974232
3195.0,51283.0,51284.0,17.0,2.951824168622009,161.50383021353923
3196.0,61000.0,61002.0,17.0,2.927885815419893,153.04074368556718
3200.0,16531.0,16533.0,17.0,3.0376433474409428,151.91700022578033
3205.0,36826.0,36827.0,17.0,3.1901889349098473,161.52308500920884
3206.0,2656.0,2657.0,17.0,2.930831926680203,170.84717949473045
3209.0,58177.0,58179.0,17.0,3.3983730320498315,160.54618853890196
3215.0,24127.0,24129.0,17.0,3.335950849773418,156.31031463234478
3215.0,63511.0,63512.0,17.0,3.243264524863769,158.21922600986605
3216.0,63511.0,63513.0,17.0,3.1951424032616753,155.3999109525077
3226.0,29710.0,29712.0,17.0,2.92863520175441,162.8765775762502
3236.0,55042.0,55044.0,17.0,3.403307897460419,159.45178949938406
3238.0,55042.0,55044.0,17.0,3.1632408286583122,156.2289101646406
3247.0,62356.0,62358.0,17.0,3.426994604229329,167.02192335930914
3251.0,64183.0,64185.0,17.0,2.8335698695784712,174.0996348611665
3254.0,43108.0,43110.0,17.0,3.133613842025516,151.74697670191046
3255.0,49048.0,49050.0,17.0,2.8948403157503226,160.90121192157628
3257.0,49048.0,49049.0,17.0,3.0130568739297985,154.42740456161718
3271.0,40144.0,40145.0,17.0,3.365873432972225,150.72949253271872
3273.0,55951.0,55952.0,17.0,2.9546419283855907,155.26575363294947
3290.0,40144.0,40146.0,17.0,3.001639031135245,162.18650880374796
3294.0,7987.0,7989.0,17.0,2.917908787506656,174.8404780000471
3306.0,38815.0,38816.0,17.0,3.124755471718055,151.03482697995582
3331.0,27631.0,27633.0,17.0,3.3383850450159525,156.61043875075762
3332.0,8830.0,8831.0,17.0,3.255790280197972,167.1846689473192
3347.0,20998.0,20999.0,17.0,3.2255414843782804,164.10191274017208
3355.0,18274.0,18275.0,17.0,2.8628835751859887,161.40206995022484
3364.0,46108.0,46110.0,17.0,3.3441565612063013,177.07053638941213
3365.0,63310.0,63311.0,17.0,3.3782361847018416,151.51152026152252
3374.0,40540.0,40542.0,17.0,3.2706289865747387,153.17524765670046
3377.0,40540.0,40542.0,17.0,3.0741679002806417,153.15434567846657
3380.0,40540.0,40542.0,17.0,2.8721117549123965,160.11729525076842
3383.0,40540.0,40542.0,17.0,2.840884511942168,151.04572030138044
3385.0,38077.0,38079.0,17.0,2.994743928150232,168.615653003066
3387.0,38077.0,38079.0,17.0,2.8286211661500804,154.3222662017102
3393.0,18250.0,18251.0,17.0,2.9125572556976635,173.54353540474375
3395.0,18250.0,18252.0,17.0,2.9739391860825877,156.6598168432033
3405.0,48160.0,48161.0,17.0,3.442371026837109,153.36700860082638
3413.0,51526.0,51527.0,17.0,2.9203775356585306,152.27980086795841
3425.0,5455.0,5456.0,17.0,2.875518145891428,165.62392737780684
3427.0,5455.0,5456.0,17.0,3.134545936614618,153.81834870367993
3429.0,13459.0,13461.0,17.0,3.3339750238335673,176.04331298151266
3441.0,13459.0,13460.0,17.0,2.9814134053628756,160.9073321849918
3451.0,1087.0,1088.0,17.0,2.917500828872684,174.93407437770776
3455.0,57340.0,57341.0,17.0,2.8637384868731046,172.79559298916269
3457.0,34762.0,34764.0,17.0,2.919620217541785,153.74693826562685
3458.0,34762.0,34763.0,17.0,2.984544408934662,175.66772617517938
3465.0,37927.0,37929.0,17.0,3.1731517113701546,159.8888511526339
3470.0,37927.0,37929.0,17.0,3.259233182297177,158.60423872507243
3505.0,24223.0,24225.0,17.0,3.0575800023676245,165.3075875035676
3507.0,24223.0,24224.0,17.0,3.2541838694136245,155.13945221436552
3514.0,58993.0,58994.0,17.0,2.979364146917236,157.10283145179253
3521.0,18208.0,18210.0,17.0,3.3231051756377705,169.31392794426043
3525.0,24679.0,24681.0,17.0,2.9388963041563856,161.01056847222256
3526.0,24679.0,24680.0,17.0,2.9208353952866997,162.5380473043158
3533.0,58993.0,58994.0,17.0,3.057288707039962,156.45744379770474
3536.0,34282.0,34284.0,17.0,3.279903155131993,154.75509065823763
3537.0,34282.0,34284.0,17.0,3.0809879051004554,161.76618615220252
3561.0,42409.0,42411.0,17.0,3.3331071810319983,163.00998118921288
3567.0,15592.0,15593.0,17.0,3.1951538971480598,162.16624494080628
3569.0,15592.0,15593.0,17.0,3.0712062389126387,155.9044580676873
3574.0,57208.0,57210.0,17.0,3.4686512053721703,151.68961883767292
3575.0,57208.0,57209.0,17.0,2.9381977988091554,168.62930797876302
3581.0,57208.0,57209.0,17.0,2.918321151369524,160.96795114472815
3584.0,57208.0,57210.0,17.0,3.3065545370304745,170.1212811097249
3594.0,6796.0,6797.0,17.0,3.0108179840706177,164.5527187807433
3599.0,17701.0,17702.0,17.0,3.0585922974746915,169.90079415678778
3612.0,48427.0,48429.0,17.0,2.853784749882362,157.09939081926902
3619.0,58072.0,58073.0,17.0,3.068697683504324,168.87039378202553
3633.0,55915.0,55916.0,17.0,2.974104112686006,158.91673289122915
3636.0,49936.0,49938.0,17.0,3.3581704305008224,151.88906014162725
3643.0,48001.0,48003.0,17.0,3.1193918226888155,154.42294468167626
3644.0,48001.0,48002.0,17.0,2.9100786707988626,161.49041175696857
3645.0,57328.0,57330.0,17.0,3.1537890767244763,162.05596949199207
3662.0,42991.0,42992.0,17.0,2.925837851865408,161.30505649051096
3664.0,42991.0,42993.0,17.0,2.94192353220738,166.44292508962423
3680.0,44392.0,44393.0,17.0,3.002030080607666,158.80470171972058
3682.0,33991.0,33993.0,17.0,3.038239872343325,170.1276472879395
3694.0,33250.0,33251.0,17.0,3.3330604416615217,163.5366179050241
3696.0,32179.0,32181.0,17.0,3.0510498959838572,165.43982766132666
3701.0,9982.0,9983.0,17.0,3.0121593464667886,160.52544378843476
3702.0,9982.0,9984.0,17.0,3.090531906028096,155.24392601929247
3705.0,22609.0,22610.0,17.0,3.1379627471157807,153.73877980272587
3709.0,29770.0,29771.0,17.0,2.981157188375489,158.5318824403908
3710.0,45289.0,45291.0,17.0,3.170961366953116,150.82436485237127
3711.0,35806.0,35808.0,17.0,2.879042089581016,159.1329906818628
3712.0,35806.0,35808.0,17.0,3.005696631937416,174.8834984850693
3713.0,9451.0,9452.0,17.0,3.376521703899762,158.3056402508223
3721.0,55402.0,55404.0,17.0,3.0780501990063236,161.1969569757481
3722.0,55402.0,55404.0,17.0,2.896150573997313,153.0450081373237
3743.0,20155.0,20157.0,17.0,3.271601159407728,157.1982125732811
3746.0,29098.0,29100.0,17.0,3.307488259674725,158.13427902392033
3747.0,17293.0,17294.0,17.0,3.0016847923214933,172.8713342158356
3759.0,30739.0,30741.0,17.0,3.115866270613956,162.1213196712412
3760.0,32773.0,32775.0,17.0,2.9642329997541537,167.88278712978936
3764.0,3319.0,3321.0,17.0,2.81662855097122,177.89001196848955
3773.0,12802.0,12804.0,17.0,3.1819651592262073,171.94528195444425
3791.0,53203.0,53205.0,17.0,2.833033063324041,170.97417459501648
3803.0,52198.0,52199.0,17.0,2.8659602078168405,154.31807975035733
3804.0,25381.0,25383.0,17.0,3.3688252852115568,150.84328226685068
3807.0,25381.0,25383.0,17.0,2.845715040963164,159.30921542067682
3811.0,26218.0,26219.0,17.0,3.1212365232377777,177.99221722313624
3813.0,26218.0,26220.0,17.0,3.0202126526073334,166.31285671043753
3838.0,22513.0,22515.0,17.0,3.0565032421731146,174.40786867462168
3846.0,48901.0,48903.0,17.0,3.3866503884305685,157.22805567539325
3848.0,958.0,959.0,17.0,3.2176569833559086,159.07788049131128
3866.0,2641.0,2643.0,17.0,2.8272646007551407,163.3760294954253
3872.0,2641.0,2642.0,17.0,3.025258200838008,157.79895334609023
3884.0,51196.0,51197.0,17.0,3.069691184316144,153.3022646032835
3906.0,33613.0,33614.0,17.0,2.908640425443449,170.7906776451811
3931.0,43228.0,43229.0,17.0,3.3080091394908853,152.8361879250594
3933.0,24457.0,24459.0,17.0,3.102482450047372,160.1684064160792
3957.0,36379.0,36380.0,17.0,2.87113608764813,153.24038999125634
3958.0,36379.0,36381.0,17.0,3.298031603241997,159.0047357277508
3959.0,36379.0,36381.0,17.0,3.0448642194627986,172.78962947499713
3963.0,27508.0,27510.0,17.0,2.9698799099604773,158.67577942827458
3968.0,38572.0,38574.0,17.0,3.415467142340659,153.0487390414305
3969.0,38572.0,38573.0,17.0,2.8046760306066787,152.77855163471455
3973.0,18163.0,18165.0,17.0,3.0719705401666455,169.1668406846043
3984.0,31534.0,31535.0,17.0,3.1323119879676833,159.79837651689644
3985.0,47704.0,47705.0,17.0,3.425461180855763,178.70508040677473
3994.0,8290.0,8292.0,17.0,3.1015011827652046,160.06963290874026
3996.0,33862.0,33863.0,17.0,3.129777272863782,154.61460318759376
3999.0,63967.0,63969.0,17.0,2.9697359120288875,178.42322291226193
4012.0,29011.0,29013.0,17.0,3.101066061097683,151.50032835171322
4014.0,29011.0,29012.0,17.0,3.302807787218715,171.76987698038909
4038.0,21442.0,21443.0,17.0,3.365249263005592,158.73836444748392
4051.0,19348.0,19349.0,17.0,2.8891891511824914,158.66344939825743
4056.0,49705.0,49707.0,17.0,2.9321186526117344,164.51303626611482
4059.0,37654.0,37656.0,17.0,3.1593984853850277,152.52427565538068
4091.0,34018.0,34019.0,17.0,3.1328102024656315,173.43465885449675
4093.0,17944.0,17946.0,17.0,3.392906286937406,166.8713147027346
4111.0,41344.0,41346.0,17.0,3.094446618757858,161.56604382899994
4123.0,17047.0,17049.0,17.0,3.1639557215676866,171.83777294587662
4142.0,17083.0,17085.0,17.0,3.260994231700863,170.22874887359308
4163.0,3154.0,3155.0,17.0,3.186064989972125,154.44620203959235
4167.0,51706.0,51707.0,17.0,2.997815686374442,176.65758348357622
4172.0,24280.0,24282.0,17.0,2.8782977883767837,158.3241239802975
4188.0,3154.0,3155.0,17.0,3.179277184947461,159.2963305526345
4189.0,3154.0,3155.0,17.0,3.458914154550474,169.17836922086548
4210.0,54244.0,54245.0,17.0,3.487409749571308,153.12612207612156
4213.0,29308.0,29310.0,17.0,3.157990906350025,150.23639279428383
4218.0,29308.0,29310.0,17.0,3.1801120848103226,157.64253636006933
4222.0,55669.0,55671.0,17.0,2.888289719291712,157.8341363017735
4224.0,37087.0,37088.0,17.0,2.938096215543557,171.4474060432146
4228.0,50086.0,50087.0,17.0,3.399014710933288,161.03361739063104
4231.0,2341.0,2343.0,17.0,3.1650747211758605,158.95526950332655
4237.0,55669.0,55670.0,17.0,3.034007513867791,170.522182050314
4241.0,64330.0,64331.0,17.0,3.4696533145064175,152.89699009365668
4303.0,55093.0,55095.0,17.0,2.7892637816589056,178.34672211743234
4317.0,42439.0,42441.0,17.0,3.496416086538559,160.53492787983112
4325.0,41212.0,41213.0,17.0,3.1479959675886744,150.00918885424798
4329.0,54100.0,54102.0,17.0,2.987405582204428,163.36440843308586
4337.0,54100.0,54101.0,17.0,2.818403611212404,155.4031799628143
4338.0,31999.0,32001.0,17.0,2.9803497376987393,161.1971010628748
4339.0,54100.0,54102.0,17.0,2.9296764962140367,162.7144174766188
4340.0,50791.0,50792.0,17.0,2.920508621542076,168.4028307746799
4342.0,9361.0,9362.0,17.0,3.1652619452776354,152.25294771624655
4344.0,54100.0,54101.0,17.0,3.061158547540441,154.30526498551703
4347.0,54100.0,54102.0,17.0,3.012064035171062,161.96502548831543
4348.0,62329.0,62331.0,17.0,3.142277088569992,159.04602959807332
4360.0,41269.0,41271.0,17.0,3.4488561560703204,157.54070811791752
4376.0,19660.0,19662.0,17.0,3.1155281719409076,150.63188973037174
4380.0,55828.0,55830.0,17.0,3.094137441679113,151.199012318696
4389.0,7594.0,7596.0,17.0,3.131278405836286,154.9875953746201
4405.0,27439.0,27440.0,17.0,3.2218933660494216,166.85039323334
4406.0,52330.0,52332.0,17.0,3.194587334806621,150.73873456234531
4418.0,28162.0,28164.0,17.0,3.2413268136931457,165.94544399513185
4425.0,6244.0,6246.0,17.0,3.039308252411787,165.11999384463738
4431.0,5776.0,5778.0,17.0,3.0307488325385648,165.09561344808805
4434.0,17782.0,17783.0,17.0,3.1060127036130787,154.57655488988127
4436.0,17782.0,17783.0,17.0,2.9575809464564196,158.36805048307858
4447.0,33562.0,33563.0,17.0,2.9533384279340735,150.67825882313133
4453.0,21775.0,21776.0,17.0,3.0890936127445823,160.56571954291442
4454.0,5776.0,5777.0,17.0,3.1042194138918426,159.4859027571355
4458.0,5776.0,5778.0,17.0,2.858829027814585,177.30784984487536
4464.0,31117.0,31118.0,17.0,3.2866551102990305,156.69294032200443
4485.0,15100.0,15101.0,17.0,2.931380617177815,152.3612781073522
4486.0,60220.0,60222.0,17.0,3.14588439472686,155.28818508707587
4494.0,17458.0,17459.0,17.0,3.110641206970546,151.8169140818956
4503.0,10270.0,10272.0,17.0,3.183882706649235,155.68528888400866
4546.0,8170.0,8172.0,17.0,3.124803160797243,159.8267069702555
4563.0,40954.0,40955.0,17.0,2.9685159415431333,156.81512304679796
4566.0,26437.0,26439.0,17.0,3.1145485156644432,172.04025004537834
4571.0,56206.0,56208.0,17.0,3.3126434471509345,173.8686774249882
4573.0,56206.0,56207.0,17.0,3.277653337436196,161.20420777370896
4581.0,32968.0,32969.0,17.0,3.3498182303165103,170.42462245654968
4587.0,17839.0,17841.0,17.0,3.0772701149401933,156.1268790422365
4592.0,11998.0,12000.0,17.0,2.8151364315822436,169.52207809173063
4593.0,11998.0,12000.0,17.0,2.894496318571195,161.5439181287651
4595.0,11998.0,12000.0,17.0,2.7627497921829307,158.61809144515726
4596.0,18547.0,18549.0,17.0,3.0011155462803267,169.58932454980047
4597.0,13828.0,13829.0,17.0,3.2170320537612116,156.40714814895017
4598.0,37411.0,37413.0,17.0,2.9758530696169907,164.4350215497223
4605.0,38134.0,38136.0,17.0,3.04555814482045,160.86913405051487
4607.0,7330.0,7332.0,17.0,3.1066531537342215,168.69941451194984
4611.0,7330.0,7331.0,17.0,2.8210973102857153,155.92926341002197
4612.0,7330.0,7331.0,17.0,2.9576337909031203,154.72276522243007
4613.0,7330.0,7331.0,17.0,3.0643256647885866,153.23644430070019
4630.0,25039.0,25040.0,17.0,3.3239430342558283,178.18668673063402
4632.0,25039.0,25041.0,17.0,3.383994364630196,167.87513448149193
4643.0,18580.0,18582.0,17.0,3.2524159657360765,172.01418879143213
4650.0,7804.0,7805.0,17.0,2.941786375658829,169.653689126873
4655.0,59656.0,59657.0,17.0,3.217471514777593,162.41872384373804
4664.0,59656.0,59658.0,17.0,3.182864028584599,164.93053399346863
4671.0,5365.0,5366.0,17.0,2.938659877242895,164.38231571561823
4683.0,48727.0,48728.0,17.0,3.0806668323163287,159.89967756627382
4691.0,24151.0,24153.0,17.0,3.2751505730159742,172.49306220798928
4694.0,26716.0,26717.0,17.0,3.4243125661592413,170.27043294558857
4718.0,54142.0,54143.0,17.0,3.222208954835665,151.92770773581017
4721.0,64027.0,64029.0,17.0,3.327790548177114,165.43582021353842
4724.0,30658.0,30659.0,17.0,3.0862590285045512,156.0212948294174
4726.0,30658.0,30659.0,17.0,2.8825493800547934,166.16862621705832
4727.0,62083.0,62084.0,17.0,2.9029968486778945,157.06347979633114
4732.0,27121.0,27123.0,17.0,3.107472146476041,173.8545409244181
4737.0,55303.0,55304.0,17.0,3.23098855791611,157.5901130239173
4740.0,45514.0,45515.0,17.0,3.357796844663404,156.5015858989073
4744.0,51256.0,51257.0,17.0,3.102213965821256,152.50135196519167
4755.0,18538.0,18540.0,17.0,3.2073153000925014,163.4976009095345
4777.0,59929.0,59931.0,17.0,2.904255725148545,172.02539161035378
4783.0,12739.0,12740.0,17.0,3.094832772279303,157.35946994489834
4790.0,2119.0,2120.0,17.0,2.9786263136878532,161.5511010176436
4792.0,24982.0,24983.0,17.0,3.1529668500822607,167.01836673653744
4795.0,49438.0,49439.0,17.0,2.9216119227424016,168.06120065205317
4799.0,58975.0,58977.0,17.0,2.9682439629882715,169.45111619650118
4817.0,17068.0,17069.0,17.0,2.8119916905565185,159.41653096489793
4831.0,59773.0,59775.0,17.0,2.9253690792101983,161.29695222825566
4842.0,19945.0,19947.0,17.0,3.1013098193878803,175.40044874676974
4865.0,27418.0,27420.0,17.0,3.3533636363925923,151.25966880708114
4867.0,27418.0,27420.0,17.0,3.448406878848471,152.64319705884571
4867.0,43186.0,43187.0,17.0,2.955825295968882,155.5899308322469
4868.0,8344.0,8345.0,17.0,3.0302159588863273,161.5001168934327
4868.0,25693.0,25695.0,17.0,3.385099496358407,151.28973943146053
4869.0,27418.0,27419.0,17.0,2.7317946765921723,169.44961192076684
4874.0,27418.0,27419.0,17.0,3.049899729454535,154.84005761784312
4878.0,27418.0,27420.0,17.0,2.9386195088715237,162.49998560374956
4879.0,27418.0,27420.0,17.0,3.380072645134133,163.1194118449321
4880.0,27418.0,27420.0,17.0,2.8828087047537116,153.77615249410488
4880.0,58567.0,58569.0,17.0,2.784443417267881,167.09761192419055
4882.0,61675.0,61677.0,17.0,3.3283789902713927,172.1449023768649
4883.0,781.0,783.0,17.0,2.9357152123277226,167.68034060644462
4884.0,61675.0,61676.0,17.0,3.048830699243162,154.02165699916432
4889.0,23332.0,23334.0,17.0,2.817431539739122,171.6466810341004
4894.0,50197.0,50198.0,17.0,2.9004360589223954,161.50808156234024
4909.0,8074.0,8076.0,17.0,3.084563177222958,153.51634556589391
4910.0,8074.0,8076.0,17.0,2.64185161006823,161.48312451972703
4917.0,8074.0,8076.0,17.0,2.8882169270185196,158.5758280674055
4920.0,3130.0,3132.0,17.0,2.79336487787347,166.52976946101242
4930.0,45223.0,45225.0,17.0,3.067217317583158,167.3920599023261
4963.0,45223.0,45225.0,17.0,3.1724259205373015,167.34325756803074
4977.0,54271.0,54272.0,17.0,3.339535445034152,159.43217564466238
4984.0,36157.0,36158.0,17.0,2.9375815165596664,158.92891432249402
5004.0,24847.0,24848.0,17.0,2.9692740104992614,169.178053608623
5019.0,13261.0,13262.0,17.0,3.4090161797860614,164.15578119067004
5022.0,20005.0,20007.0,17.0,3.4021415554667276,155.22031517023802
5024.0,32065.0,32066.0,17.0,2.8218623883372635,152.20587445900094
5025.0,62710.0,62712.0,17.0,2.9849510230331395,159.48604822743317
5031.0,20005.0,20006.0,17.0,3.0574682274428713,175.40441939540804
5036.0,1942.0,1943.0,17.0,2.7085427211063,167.73672847327612
5038.0,1942.0,1943.0,17.0,2.8742989964075925,159.24513335218572
5041.0,7423.0,7424.0,17.0,2.8769597837537764,179.35774906782336
5042.0,7423.0,7425.0,17.0,3.2405087917641504,167.90794469422553
5043.0,7423.0,7425.0,17.0,2.8864373009858113,171.44868288812933
5050.0,59929.0,59931.0,17.0,3.0057752058716876,168.9040863629288
5058.0,16873.0,16875.0,17.0,3.2080701211737015,159.34299979352647
5060.0,26326.0,26327.0,17.0,2.9626203816920036,150.87144005238665
5061.0,37393.0,37395.0,17.0,2.8610614184786756,168.69005512749092
5068.0,48127.0,48128.0,17.0,2.970337843016853,150.07032809124576
5073.0,37393.0,37394.0,17.0,2.9438745634831682,158.4614841246942
5074.0,62182.0,62183.0,17.0,2.9119447646269916,153.94751761273133
5082.0,62182.0,62183.0,17.0,2.9450013101880974,164.84052652607699
5103.0,23293.0,23295.0,17.0,3.3854082634473244,153.42772570773056
5104.0,36166.0,36168.0,17.0,3.2794678524969587,152.52343920339447
5105.0,2230.0,2231.0,17.0,3.2185230720439932,150.63959391033853
5109.0,43621.0,43622.0,17.0,3.089786654809054,161.30616148890985
5110.0,54724.0,54725.0,17.0,3.1686614422240527,162.70876484812425
5115.0,56602.0,56604.0,17.0,2.874090217482363,160.99174910624149
5118.0,56602.0,56604.0,17.0,3.144979606923451,157.63291063617615
5125.0,40876.0,40878.0,17.0,3.1213645335589972,160.07928283863174
5135.0,59218.0,59219.0,17.0,2.993742731896516,160.71896102729386
5140.0,6922.0,6923.0,17.0,3.202651153204883,165.60101120597008
5156.0,19258.0,19259.0,17.0,2.7711742087191147,157.2118703073739
5169.0,16000.0,16002.0,17.0,3.020809452699494,175.826560237848
5187.0,63064.0,63066.0,17.0,3.138250359169481,173.7649521533547
5194.0,21583.0,21585.0,17.0,3.0797748578788853,165.76898482161266
5195.0,21583.0,21585.0,17.0,3.0178758531539547,167.00068824131895
5200.0,1102.0,1104.0,17.0,2.750384222551303,164.59195303506027
5202.0,1102.0,1103.0,17.0,3.26834845961121,159.24631791748925
5204.0,37309.0,37310.0,17.0,2.874110540106159,154.11913649749883
5205.0,53431.0,53433.0,17.0,3.3236398506057734,165.32018611907452
5206.0,29503.0,29504.0,17.0,2.9857027685230437,156.98123541013985
5207.0,53431.0,53433.0,17.0,3.150888013821981,165.28403522136196
5249.0,5965.0,5966.0,17.0,2.889185514213236,164.7460942626352
5272.0,62983.0,62984.0,17.0,3.0767685428288822,163.83238382788497
5285.0,62983.0,62985.0,17.0,2.923339364445572,156.5987168535274
5294.0,13594.0,13596.0,17.0,3.0660732267777955,174.6872788893289
5307.0,32233.0,32234.0,17.0,3.248709190075408,162.9209669603394
5312.0,17452.0,17454.0,17.0,3.0726913245128884,164.11090645772626
5340.0,11503.0,11505.0,17.0,3.077029869636145,152.86430809188738
5343.0,11503.0,11505.0,17.0,3.118351946899861,158.31536955014934
5347.0,16351.0,16353.0,17.0,3.1181073448401544,150.32073264605773
5348.0,15988.0,15990.0,17.0,2.941873409138262,164.11606175473472
5360.0,56368.0,56369.0,17.0,2.900070177116137,162.26549446929837
5371.0,53392.0,53393.0,17.0,3.096033020840785,157.2024366993471
5396.0,63454.0,63455.0,17.0,3.100260554777256,156.31733556177608
5406.0,16729.0,16730.0,17.0,2.7235417492529423,165.8400735912413
5409.0,42145.0,42147.0,17.0,2.9269947791161965,164.52187917349826
5432.0,59500.0,59502.0,17.0,3.1784405394954147,161.96303634463467
5440.0,55753.0,55754.0,17.0,2.968131776387903,167.47185226835018
5443.0,13609.0,13610.0,17.0,3.0272486978657462,165.38581280491644
5444.0,13609.0,13610.0,17.0,2.9323196002619327,167.70727208566316
5455.0,4366.0,4368.0,17.0,3.1186854748070267,171.09142958127177
5466.0,20281.0,20282.0,17.0,2.877796086275405,165.78329858037802
5486.0,43798.0,43800.0,17.0,2.8569601276365493,154.54070102881192
5513.0,44449.0,44450.0,17.0,3.080099081771567,157.00855257724277
5538.0,1393.0,1395.0,17.0,3.059759345434394,170.5304621804726
5542.0,47449.0,47451.0,17.0,2.9598354300616463,156.36354673529937
5545.0,5221.0,5223.0,17.0,3.2551794010589967,159.25492996358494
5560.0,48022.0,48023.0,17.0,3.43734080926741,151.07323151973748
5580.0,37480.0,37481.0,17.0,2.977873119160144,152.56164689303066
5585.0,26059.0,26060.0,17.0,3.1796549451592,153.40538684099562
5588.0,57178.0,57180.0,17.0,2.7548836405384827,154.80457629424697
5590.0,45904.0,45905.0,17.0,3.188445144497335,171.51155169123822
5591.0,45904.0,45906.0,17.0,2.8893082297352697,168.81036626348526
5597.0,57178.0,57180.0,17.0,3.100139451332489,151.71476002532162
5602.0,18499.0,18501.0,17.0,3.4373542473473417,152.46845494421146
5607.0,57178.0,57180.0,17.0,3.232398787212301,154.88796942586688
5624.0,60790.0,60791.0,17.0,2.814873566645371,166.32110723728243
5626.0,6766.0,6768.0,17.0,3.0337095299656784,157.39656792398893
5632.0,54037.0,54038.0,17.0,2.72569144452268,153.49498997270322
5652.0,56701.0,56703.0,17.0,3.185024652296761,163.18557594561742
5654.0,59893.0,59894.0,17.0,2.7635665644651195,164.94279468751103
5660.0,59893.0,59894.0,17.0,3.038439705703561,162.52054078380405
5664.0,37537.0,37539.0,17.0,3.280262094305759,153.51921602442334
5666.0,46783.0,46784.0,17.0,2.987657979804024,158.0541837541183
5673.0,56701.0,56703.0,17.0,3.0948037011511063,163.77588796711825
5713.0,43930.0,43932.0,17.0,3.2561462107210835,176.2590837952632
5729.0,3415.0,3416.0,17.0,2.9948994804826503,177.12921366272562
5736.0,21148.0,21150.0,17.0,3.3035300921224575,156.5170564483081
5737.0,21148.0,21150.0,17.0,2.897598943711099,163.21755820611202
5743.0,21148.0,21150.0,17.0,3.0625800190600794,157.71428364346892
5744.0,21148.0,21149.0,17.0,2.843886141034612,173.27883780629327
5768.0,3319.0,3320.0,17.0,3.184291273152327,164.7667925539131
5770.0,62035.0,62036.0,17.0,3.406255690139159,160.46796366843878
5777.0,40753.0,40754.0,17.0,2.7409687017714264,150.55491378102482
5780.0,49951.0,49952.0,17.0,3.0012969203323516,166.48118950985233
5782.0,18262.0,18263.0,17.0,3.1326946321907636,153.00941445149127
5784.0,47671.0,47673.0,17.0,2.9890789320859628,174.6550595568925
5789.0,31210.0,31211.0,17.0,3.340012029785694,159.52766141322078
5791.0,18262.0,18263.0,17.0,3.0148453617335886,164.081580325018
5795.0,31522.0,31524.0,17.0,3.318113213280144,152.36918746067943
5804.0,51322.0,51324.0,17.0,2.876610984590726,167.35916090941495
5817.0,29254.0,29256.0,17.0,3.153318518136678,150.6770406161607
5818.0,26767.0,26768.0,17.0,3.0071392052791004,170.13881750841873
5835.0,62248.0,62250.0,17.0,3.1689929387449034,157.9323544253206
5837.0,62248.0,62249.0,17.0,3.2102769314664474,166.6120594728593
5850.0,10054.0,10056.0,17.0,3.2620698415122105,158.1592616556711
5852.0,10054.0,10055.0,17.0,3.4728419623568345,157.46533171597852
5854.0,7654.0,7656.0,17.0,3.0038305537973424,177.09001201965313
5857.0,7654.0,7655.0,17.0,3.3158755363028707,160.27169275143865
5858.0,2038.0,2039.0,17.0,3.1574946825968166,160.782675112649
5861.0,7654.0,7656.0,17.0,3.117223291566744,167.91073678442018
5893.0,6007.0,6008.0,17.0,2.9725025869875537,170.60892159816592
5905.0,49441.0,49443.0,17.0,3.40283737277713,165.70623086670756
5940.0,16870.0,16871.0,17.0,2.950288603817411,155.63270774872456
5942.0,24844.0,24845.0,17.0,2.887716583319628,178.86996053635406
5947.0,19786.0,19787.0,17.0,2.9018789210697746,158.21439175428267
5964.0,38578.0,38579.0,17.0,2.893408062623393,154.82123234655606
5967.0,63577.0,63578.0,17.0,2.9756623654202468,158.22913237128066
5973.0,12805.0,12806.0,17.0,3.0741771129581883,167.910901900804
5988.0,30472.0,30473.0,17.0,3.144920313351429,167.75287983874207
5991.0,36949.0,36950.0,17.0,2.9751920180743032,164.97610288976395
5997.0,30472.0,30473.0,17.0,3.286866803342984,170.4596356464245
6004.0,62566.0,62567.0,17.0,3.3794956864441748,171.58179653686426
6006.0,36574.0,36576.0,17.0,2.792876606109704,161.17832550632215
6017.0,36574.0,36575.0,17.0,3.026034497362275,166.42098698680223
6026.0,3085.0,3086.0,17.0,3.3150674069328447,155.00443872829464
6030.0,40744.0,40746.0,17.0,3.3665018141415186,166.62564668190706
6031.0,43726.0,43727.0,17.0,2.7494380345767193,160.0633458674654
6053.0,34828.0,34829.0,17.0,2.9513884336261755,156.57185148428118
6055.0,34828.0,34830.0,17.0,2.7470135827679196,155.2070448733699
6056.0,34828.0,34829.0,17.0,3.139692406111313,172.74275824285306
6061.0,34828.0,34830.0,17.0,3.002274391302735,169.57923710666375
6086.0,24619.0,24620.0,17.0,2.9160568505042357,170.63989019842913
6090.0,54100.0,54101.0,17.0,3.013785838103348,157.35086978292549
6094.0,22138.0,22140.0,17.0,3.3373925058974625,152.18284302597849
6107.0,48721.0,48723.0,17.0,3.407876428936498,155.97428902118108
6110.0,56551.0,56553.0,17.0,3.2013331135660184,167.3539062446906
6118.0,55642.0,55644.0,17.0,2.842307220920542,176.52539246908293
6120.0,58540.0,58542.0,17.0,3.395602016982939,151.18811109677475
6126.0,58540.0,58542.0,17.0,3.133462821257339,154.4662623119848
6131.0,57208.0,57210.0,17.0,3.10027880886309,164.12673905899095
6136.0,47839.0,47840.0,17.0,3.0505641058766786,166.2338146783483
6137.0,49810.0,49811.0,17.0,2.8006118518798564,158.71140681198526
6146.0,8992.0,8994.0,17.0,2.935078234647584,156.98441053033608
6148.0,8422.0,8423.0,17.0,3.0886869919897633,172.88235536269224
6151.0,29044.0,29046.0,17.0,2.911307522701348,162.29429056582887
6154.0,29044.0,29045.0,17.0,3.2226331429860653,159.94649715266192
6156.0,45052.0,45053.0,17.0,2.812115579186364,152.12507434084864
6160.0,20077.0,20079.0,17.0,2.9721010745214014,164.10983389237765
6162.0,51511.0,51513.0,17.0,3.2369902212677872,152.86274938721385
6165.0,50605.0,50607.0,17.0,3.1716879136160254,153.8168935813591
6177.0,18196.0,18197.0,17.0,2.9872066341920527,158.52300567974632
6181.0,42763.0,42764.0,17.0,3.3043309660850033,162.6785844701015
6183.0,42763.0,42764.0,17.0,3.2189606710878462,153.11394013601546
6214.0,33610.0,33612.0,17.0,3.336797292700182,153.58459003407745
6215.0,33610.0,33612.0,17.0,3.141492356960649,162.84435269065003
6216.0,33610.0,33612.0,17.0,2.874823801705909,157.52149048868597
6219.0,41299.0,41300.0,17.0,2.8410051217551664,176.43886539122664
6229.0,20353.0,20355.0,17.0,3.113493546677451,155.47566984492866
6234.0,22090.0,22091.0,17.0,3.0572856659409964,157.40063409831325
6236.0,37528.0,37530.0,17.0,3.0946774874327097,154.08875651159033
6237.0,37528.0,37529.0,17.0,3.0168047170576666,150.45551382088144
6252.0,16294.0,16295.0,17.0,2.9780668981000966,156.27464198567532
6267.0,51997.0,51999.0,17.0,2.9049925860229324,160.26521670120363
6267.0,64609.0,64611.0,17.0,3.1658775880062535,158.86111986183093
6268.0,51997.0,51998.0,17.0,2.8479054365173937,174.89991873394428
6273.0,30385.0,30386.0,17.0,2.965590077990909,166.5540340533046
6290.0,45679.0,45681.0,17.0,2.8024749223798593,166.019293249922
6296.0,30646.0,30648.0,17.0,3.242604983939614,159.6881409073282
6303.0,62896.0,62897.0,17.0,2.8987415563574435,160.22212904290953
6311.0,10489.0,10490.0,17.0,3.0928451528287306,165.66388946892408
6323.0,43891.0,43893.0,17.0,3.1558307143164877,170.22551462894614
6331.0,14560.0,14562.0,17.0,3.2647487219293145,159.78937458487943
6342.0,20755.0,20757.0,17.0,3.023016676081791,153.6033338678121
6346.0,20755.0,20756.0,17.0,3.1860143542188686,150.02380060214017
6369.0,22255.0,22256.0,17.0,3.2593377705444295,173.26325120937017
6374.0,44734.0,44735.0,17.0,3.3342034182878386,153.7756677971747
6378.0,56782.0,56783.0,17.0,3.1824869827637317,150.31652533607826
6381.0,44734.0,44736.0,17.0,3.263337278609618,159.07828579258975
6392.0,5296.0,5297.0,17.0,3.0453456305263713,169.00113842885258
6397.0,37633.0,37634.0,17.0,3.4780919658089604,161.28842917544563
6411.0,37633.0,37634.0,17.0,3.314502994626687,154.7505833382261
6424.0,13615.0,13617.0,17.0,3.1413669302759475,159.52725507795643
6431.0,58636.0,58637.0,17.0,3.3645941588586634,151.5065854194132
6435.0,5263.0,5265.0,17.0,3.02755365437455,166.24922499237977
6439.0,8647.0,8649.0,17.0,2.989408829716681,159.35445360290282
6443.0,5263.0,5264.0,17.0,3.235224093030649,167.49242672630493
6451.0,27064.0,27065.0,17.0,3.405879413883878,150.9247085435551
6464.0,41140.0,41142.0,17.0,3.197676599033974,164.46037612241332
6477.0,20227.0,20229.0,17.0,3.3862950293255105,162.4616238646209
6486.0,20227.0,20228.0,17.0,3.240406065486376,165.05462676401606
6489.0,59854.0,59856.0,17.0,3.272336694075776,157.9055454996222
6492.0,20755.0,20757.0,17.0,3.0312643446123366,171.26102516999663
6499.0,23767.0,23768.0,17.0,3.4713084268712513,167.99754670396052
6503.0,23767.0,23768.0,17.0,2.9406287022935897,153.537464329346
6504.0,23767.0,23769.0,17.0,3.229641316392548,161.36342605189756
6519.0,39298.0,39299.0,17.0,3.076706622953547,155.34336303277013
6523.0,44293.0,44294.0,17.0,3.1746028969996054,156.12566594264297
6527.0,31759.0,31761.0,17.0,3.125216673894243,157.47385518263042
6532.0,13039.0,13041.0,17.0,3.1335580484313317,155.0676795125819
6542.0,28093.0,28095.0,17.0,2.8490537778030296,153.78117015650957
6549.0,30733.0,30735.0,17.0,3.363298465421619,153.22457465530223
6575.0,37240.0,37242.0,17.0,3.4183441672799475,158.08224711087828
6587.0,16495.0,16496.0,17.0,3.235689753606398,171.4574404730341
6600.0,20959.0,20960.0,17.0,2.839263065221292,152.16087871741377
6601.0,20959.0,20960.0,17.0,2.843700705371862,153.43057654178978
6614.0,10057.0,10059.0,17.0,3.312417922966507,163.17933575790013
6626.0,21781.0,21783.0,17.0,3.224996740325854,161.80681647001572
6632.0,10057.0,10059.0,17.0,3.4715227070682384,166.3730958034634
6634.0,33022.0,33024.0,17.0,2.9675059628379277,169.05061592966808
6647.0,41389.0,41391.0,17.0,2.9559426928300234,172.3008995878785
6656.0,3427.0,3428.0,17.0,2.863160156539065,162.05689886297262
6661.0,55168.0,55170.0,17.0,2.887667103892673,151.1831988792461
6664.0,55168.0,55170.0,17.0,3.3560938139407424,156.9810930941267
6671.0,22354.0,22355.0,17.0,3.1486044223952234,175.2564530846921
6674.0,59143.0,59144.0,17.0,3.0922181699130395,173.17738995400052
6675.0,59143.0,59144.0,17.0,3.2629249143703056,174.09214202408793
6677.0,25975.0,25976.0,17.0,2.840793789651767,161.86425955195577
6678.0,25975.0,25976.0,17.0,2.853371040732021,167.73985308116227
6679.0,25975.0,25976.0,17.0,3.1949655238218173,173.40004232066886
6681.0,25975.0,25977.0,17.0,2.9979424881278756,153.2768503836142
6682.0,16303.0,16305.0,17.0,3.215837409603152,159.98977810961748
6699.0,11410.0,11412.0,17.0,3.256086254587947,164.0081120505819
6700.0,18394.0,18396.0,17.0,3.15648680839508,158.68047784413713
6714.0,59062.0,59063.0,17.0,3.0984505251515406,163.2889879851493
6715.0,28096.0,28097.0,17.0,3.4412108419932532,171.8027908265457
6725.0,56107.0,56108.0,17.0,3.4137887177160273,150.49003404648946
6739.0,45562.0,45563.0,17.0,2.86431797130342,171.24336703469785
6741.0,40246.0,40248.0,17.0,2.983765803631178,160.87069458142693
6743.0,57829.0,57830.0,17.0,3.4025027448597114,152.05910972918633
6752.0,2929.0,2931.0,17.0,3.161168103023353,155.14414491308767
6757.0,12076.0,12078.0,17.0,3.3404384339759217,158.9873529525021
6807.0,2785.0,2787.0,17.0,2.92634886602563,167.23721191321656
6830.0,4621.0,4623.0,17.0,2.958872275644775,158.67745215431017
6833.0,16738.0,16739.0,17.0,3.3871022955933636,160.81097268783498
6841.0,26719.0,26720.0,17.0,3.009850896987267,175.15473113240213
6842.0,26719.0,26721.0,17.0,2.934943300907216,175.48189599121662
6849.0,48670.0,48671.0,17.0,3.0803470678924043,159.8951183198912
6850.0,48670.0,48672.0,17.0,2.9064959913557717,167.64244856984553
6870.0,56452.0,56454.0,17.0,2.998285833178867,167.3726937652074
6872.0,34204.0,34206.0,17.0,2.9007913258372353,172.1253710985867
6873.0,19027.0,19029.0,17.0,2.961271473719266,163.71156791191964
6876.0,16738.0,16740.0,17.0,2.8260654953266853,154.32109562843456
6879.0,16738.0,16740.0,17.0,2.816538738714538,165.11168614374773
6880.0,16738.0,16739.0,17.0,2.897999475865242,151.24590362470798
6880.0,32800.0,32801.0,17.0,2.930288553350444,163.63982050089797
6883.0,16738.0,16740.0,17.0,2.8817504253823274,177.19703223829117
6890.0,16738.0,16740.0,17.0,3.241061537410119,155.6134457843367
6890.0,34504.0,34506.0,17.0,2.8647844614057627,165.67950955377006
6891.0,34504.0,34505.0,17.0,3.2122731155263637,154.8571884015184
6892.0,41203.0,41205.0,17.0,3.4732590134325196,155.43202358157
6894.0,2545.0,2547.0,17.0,2.9680407526586507,166.26684529196748
6894.0,34504.0,34505.0,17.0,2.8839835473959377,155.45132317934753
6896.0,21664.0,21665.0,17.0,3.086646808232568,159.89183190794256
6898.0,21664.0,21665.0,17.0,2.702481279114299,152.07901345613973
6900.0,34504.0,34505.0,17.0,3.4905714843678526,150.93646715372918
6901.0,21664.0,21665.0,17.0,3.2035300293327986,156.5010955509561
6902.0,30109.0,30111.0,17.0,3.0824009309726805,151.31244690294304
6921.0,21592.0,21593.0,17.0,3.381364846583881,155.47195207144176
6947.0,3646.0,3648.0,17.0,3.107021852905875,175.17870518811222
6948.0,3646.0,3648.0,17.0,2.680185893304153,156.5535044993461
6949.0,30217.0,30219.0,17.0,3.0698523966081055,164.979287775256
6957.0,64285.0,64287.0,17.0,3.157358873516072,176.08126514653318
6960.0,56434.0,56436.0,17.0,3.0940764960695883,157.5634927235412
6963.0,56434.0,56436.0,17.0,3.0494771619224283,177.71705638636723
6967.0,10405.0,10407.0,17.0,3.0548807576515973,154.55232437136635
6976.0,5104.0,5105.0,17.0,3.1002241057470523,164.26100740371726
7009.0,8026.0,8027.0,17.0,3.1674288237298343,152.59020248058735
7017.0,35218.0,35219.0,17.0,3.196530686817386,156.34454221953123
7027.0,40753.0,40754.0,17.0,2.953930460770326,154.3488001288545
7032.0,62584.0,62585.0,17.0,3.0961457390429024,176.0188669640351
7034.0,62584.0,62585.0,17.0,3.1170637544687865,150.79001950228317
7045.0,46402.0,46403.0,17.0,3.0425302501589897,156.08942002801996
7047.0,46402.0,46403.0,17.0,3.110886898811818,154.68608770732226
7055.0,46402.0,46403.0,17.0,2.914837960520935,173.8424459907066
7072.0,5737.0,5739.0,17.0,3.2285422442174547,155.90831332303273
7081.0,53224.0,53226.0,17.0,2.9432996092446158,166.63939970431503
7083.0,53224.0,53226.0,17.0,3.0716255362749796,154.08461128242774
7085.0,14461.0,14463.0,17.0,2.8754490369061516,160.0720616226489
7180.0,37177.0,37179.0,17.0,2.7673275268103104,169.05360669690916
7195.0,2329.0,2331.0,17.0,2.815333588650183,176.84306751472266
7197.0,2329.0,2331.0,17.0,3.0923119621079693,170.4846143872012
7200.0,4534.0,4536.0,17.0,2.8348353570681994,158.65826375495914
7202.0,4534.0,4536.0,17.0,2.9907207046758937,151.58956257679338
7212.0,50998.0,50999.0,17.0,2.9795797477598494,165.06197606993615
7216.0,41788.0,41789.0,17.0,2.9560097382871233,152.80593010926398
7230.0,64321.0,64322.0,17.0,3.2664495142798837,152.86070651024693
7231.0,39931.0,39933.0,17.0,2.924262539228976,168.93612432115145
7232.0,39931.0,39933.0,17.0,3.2674307568354743,152.49572171121181
7234.0,39931.0,39932.0,17.0,3.082756853405474,176.19441154740517
7245.0,61606.0,61607.0,17.0,3.1374808557830947,152.76670169571335
7249.0,61606.0,61608.0,17.0,3.08303325313514,154.55078668442414
7265.0,36115.0,36116.0,17.0,2.9059103893989917,168.2558552083048
7266.0,36115.0,36117.0,17.0,3.127397422231994,176.91514852987675
7268.0,26431.0,26433.0,17.0,3.0123426776636215,170.0996518166436
7295.0,34900.0,34901.0,17.0,3.1640166363650453,152.2215295696701
7298.0,5710.0,5712.0,17.0,3.238796104959256,154.61257485941968
7315.0,58240.0,58242.0,17.0,3.1389639846665975,155.74662242945064
7322.0,22927.0,22929.0,17.0,3.1270903499159686,164.28523216647264
7342.0,36589.0,36590.0,17.0,3.3935231615307435,166.02595337825662
7356.0,39319.0,39321.0,17.0,2.872036848426521,153.3811791082018
7360.0,8080.0,8081.0,17.0,3.103627547659789,153.90375390395272
7363.0,39319.0,39321.0,17.0,2.8350143334441125,154.01052013650116
7365.0,39319.0,39320.0,17.0,2.841497112550468,162.1584875093769
7367.0,52015.0,52017.0,17.0,2.8441860650012574,173.52997820814377
7372.0,52015.0,52016.0,17.0,2.9506250118846613,177.91996397219634
7374.0,52015.0,52017.0,17.0,2.864905387495984,167.9580783382597
7378.0,6238.0,6239.0,17.0,3.17658511527495,172.41899858452064
7379.0,6238.0,6240.0,17.0,2.8729602529122658,168.47753201554812
7380.0,6238.0,6240.0,17.0,2.9770154027140703,167.96369640193151
7411.0,39847.0,39849.0,17.0,3.088835426926694,154.0308503570984
7416.0,39847.0,39849.0,17.0,3.1415109085934336,164.6240761819635
7417.0,25834.0,25835.0,17.0,3.189656957657981,174.27988325909885
7428.0,60316.0,60318.0,17.0,3.147948066978342,156.90736002456552
7429.0,45220.0,45221.0,17.0,3.031487259531844,166.5336977409498
7437.0,63550.0,63551.0,17.0,2.995697601093749,150.98684995446715
7440.0,16429.0,16431.0,17.0,3.43071752757178,160.2938536825014
7460.0,16291.0,16293.0,17.0,3.4210542759268527,154.94657130521796
7463.0,14209.0,14211.0,17.0,3.090468628345214,162.98036309762495
7466.0,51034.0,51036.0,17.0,3.0594938079741216,169.75872785428916
7472.0,3136.0,3137.0,17.0,3.0206934612597878,162.18876134124037
7476.0,8566.0,8568.0,17.0,2.943147381433923,168.7642981571853
7479.0,8566.0,8568.0,17.0,3.096672601237639,152.6661769823551
7480.0,8566.0,8568.0,17.0,3.0002841945130654,168.32751747165457
7492.0,13060.0,13061.0,17.0,3.135746199659778,161.97559416841582
7497.0,58540.0,58542.0,17.0,3.0716264751366484,152.48193939112036
7498.0,42226.0,42228.0,17.0,3.422074140701709,161.85614260293414
7500.0,42226.0,42227.0,17.0,2.9286499687827563,162.57640390973066
7503.0,50131.0,50133.0,17.0,2.9087612638272633,171.93057446932303
7517.0,9382.0,9384.0,17.0,3.1370510705810832,150.51582707217352
7529.0,21331.0,21332.0,17.0,3.0610659601577623,172.65410686021448
7534.0,60019.0,60020.0,17.0,2.9385195017291106,163.4169638441382
7551.0,57316.0,57318.0,17.0,3.0876198480705073,158.57470685543484
7553.0,61369.0,61371.0,17.0,3.067668832120003,168.07658584019268
7557.0,53446.0,53447.0,17.0,3.062432000835128,156.27451984707878
7558.0,45457.0,45459.0,17.0,2.96919302911757,162.18564809571083
7585.0,51223.0,51224.0,17.0,2.967306960847931,164.44277622637375
7606.0,37693.0,37695.0,17.0,3.24952333028891,155.4396001471153
7609.0,22567.0,22569.0,17.0,3.2266747496218797,166.2910796592327
7614.0,52777.0,52779.0,17.0,2.905250926976889,158.66229587394534
7615.0,45457.0,45458.0,17.0,2.8590379263440306,171.8397127927718
7627.0,31159.0,31161.0,17.0,2.8961208573246413,171.50359967370784
7628.0,53716.0,53718.0,17.0,2.9020878815074544,164.63390616759818
7637.0,13240.0,13242.0,17.0,2.987874694905802,157.6483272347869
7656.0,15472.0,15474.0,17.0,3.0923431430660258,150.26032760233417
7685.0,23002.0,23004.0,17.0,3.3800748502982962,150.47902718516417
7700.0,15628.0,15630.0,17.0,3.0844442477441145,174.4433599522212
7703.0,15628.0,15629.0,17.0,3.4400302410924035,153.41423264966753
7713.0,38812.0,38813.0,17.0,3.4440228430193933,152.14293310102767
7724.0,55522.0,55523.0,17.0,2.9893333573572347,157.3901278149417
7738.0,17797.0,17798.0,17.0,3.0429720861668486,152.30493068096402
7742.0,26965.0,26967.0,17.0,2.9905659911827622,162.0044620328671
7743.0,26965.0,26966.0,17.0,2.9346387556277262,164.75204555316122
7758.0,11701.0,11702.0,17.0,3.1695439047377723,163.9280615190609
7762.0,28996.0,28997.0,17.0,2.810337052228231,163.99480536153527
7763.0,28996.0,28997.0,17.0,2.9823838675224534,167.05843721368018
7766.0,10411.0,10412.0,17.0,3.3727894227673496,168.60286606139465
7775.0,5941.0,5942.0,17.0,3.1763200806527507,153.01637854872084
7776.0,31231.0,31232.0,17.0,2.937655401813073,152.8600357895174
7780.0,25489.0,25491.0,17.0,3.0993068035894713,159.30125297823307
7782.0,28288.0,28290.0,17.0,3.399133667728763,157.016375565988
7788.0,13558.0,13560.0,17.0,3.0883304280058455,153.30852038322342
7794.0,11917.0,11918.0,17.0,3.015759482484825,169.06471586968593
7797.0,62323.0,62325.0,17.0,3.4253463800000294,165.96027556550428
7802.0,54580.0,54581.0,17.0,2.6824409029349296,159.66516127423995
7817.0,35089.0,35090.0,17.0,3.287473621494811,153.22913792592374
7818.0,64015.0,64017.0,17.0,3.371897966669641,157.6610459349515
7846.0,47146.0,47148.0,17.0,3.3936831089743147,172.81367239732188
7861.0,42973.0,42975.0,17.0,3.251861239106065,168.8856640349074
7869.0,62122.0,62123.0,17.0,3.022118475431423,158.87139154857888
7872.0,62122.0,62124.0,17.0,3.1652045989054973,154.5835133521341
7877.0,43993.0,43994.0,17.0,3.491907523014989,157.10876095742046
7887.0,59431.0,59432.0,17.0,2.9891962086987642,176.01750361945219
7891.0,7867.0,7868.0,17.0,3.3895723042748034,171.684572320279
7911.0,28723.0,28725.0,17.0,2.809075340773518,166.93045911377152
7915.0,28723.0,28725.0,17.0,2.9910693953280956,160.68853414095634
7916.0,28723.0,28725.0,17.0,2.861380060758195,161.98942444482543
7918.0,29104.0,29105.0,17.0,2.932878352301911,165.3055390785374
7933.0,35833.0,35834.0,17.0,2.98378789538605,167.16145560784918
7936.0,35833.0,35835.0,17.0,3.2495673503676423,159.98755239782344
7944.0,29671.0,29672.0,17.0,3.000016647671583,174.81066414124479
7945.0,29671.0,29672.0,17.0,2.957617925635812,166.02481396673994
7947.0,19783.0,19785.0,17.0,2.90539276913232,158.97050744484298
7950.0,29671.0,29672.0,17.0,2.903686674158614,158.9459720756239
7958.0,37048.0,37049.0,17.0,2.9403402333526834,154.18388158255416
7959.0,37048.0,37049.0,17.0,3.1185577174606216,163.04676817541653
7961.0,37048.0,37050.0,17.0,3.1969178807675025,153.34932042686873
7963.0,46588.0,46590.0,17.0,3.0475405324115714,175.4117136112591
7968.0,55414.0,55416.0,17.0,2.9078165048779447,155.90500382525423
7970.0,55414.0,55416.0,17.0,3.4905718880445353,151.36773401543846
7981.0,24811.0,24813.0,17.0,3.0161418036786163,172.5583226387988
7989.0,60295.0,60296.0,17.0,3.24384007661059,166.93563192902548
7993.0,60295.0,60297.0,17.0,2.9212501127048935,159.98854291824696
